lake_id,lat,lon,year,area_km2
HKH-07556,27.991,88.815,2017,1.9485
HKH-07556,27.991,88.815,2018,1.9508
HKH-07556,27.991,88.815,2019,1.9978
HKH-07556,27.991,88.815,2020,1.946
HKH-07556,27.991,88.815,2021,1.9889
HKH-07556,27.991,88.815,2022,1.9442
HKH-07522,28.006,88.713,2017,1.2674
HKH-07522,28.006,88.713,2018,1.3001
HKH-07522,28.006,88.713,2019,1.2995
HKH-07522,28.006,88.713,2020,1.2965
HKH-07522,28.006,88.713,2021,1.3065
HKH-07522,28.006,88.713,2022,1.2914
HKH-07424,28.027,88.71,2017,1.2259
HKH-07424,28.027,88.71,2018,1.2285
HKH-07424,28.027,88.71,2019,1.2302
HKH-07424,28.027,88.71,2020,1.2286
HKH-07424,28.027,88.71,2021,1.2977
HKH-07424,28.027,88.71,2022,1.2234
HKH-08424,28.012,88.756,2017,1.1449
HKH-08424,28.012,88.756,2018,1.14
HKH-08424,28.012,88.756,2019,1.1541
HKH-08424,28.012,88.756,2020,1.1772
HKH-08424,28.012,88.756,2021,1.2683
HKH-08424,28.012,88.756,2022,1.1446
HKH-08027,27.913,88.199,2017,1.4294
HKH-08027,27.913,88.199,2018,1.4341
HKH-08027,27.913,88.199,2019,1.4372
HKH-08027,27.913,88.199,2020,1.4433
HKH-08027,27.913,88.199,2021,1.4293
HKH-08027,27.913,88.199,2022,1.4275
HKH-09411,28.008,88.699,2017,1.1044
HKH-09411,28.008,88.699,2018,1.1332
HKH-09411,28.008,88.699,2019,1.163
HKH-09411,28.008,88.699,2020,0.7836
HKH-09411,28.008,88.699,2021,1.1836
HKH-09411,28.008,88.699,2022,1.1834
HKH-08075,27.993,88.545,2017,0.7587
HKH-08075,27.993,88.545,2018,0.7357
HKH-08075,27.993,88.545,2019,0.8128
HKH-08075,27.993,88.545,2020,0.8089
HKH-08075,27.993,88.545,2021,0.8298
HKH-08075,27.993,88.545,2022,0.7861
HKH-09395,27.92,88.162,2017,0.8669
HKH-09395,27.92,88.162,2018,0.9795
HKH-09395,27.92,88.162,2019,0.9744
HKH-09395,27.92,88.162,2020,0.9342
HKH-09395,27.92,88.162,2021,0.9526
HKH-09395,27.92,88.162,2022,0.9205
HKH-09252,27.947,88.332,2017,0.6712
HKH-09252,27.947,88.332,2018,0.6727
HKH-09252,27.947,88.332,2019,0.6856
HKH-09252,27.947,88.332,2020,0.6743
HKH-09252,27.947,88.332,2021,0.695
HKH-09252,27.947,88.332,2022,0.6789
HKH-08853,27.975,88.616,2017,0.6633
HKH-08853,27.975,88.616,2018,0.662
HKH-08853,27.975,88.616,2019,0.6584
HKH-08853,27.975,88.616,2020,0.6528
HKH-08853,27.975,88.616,2021,0.655
HKH-08853,27.975,88.616,2022,0.6561
HKH-07680,28.007,88.494,2017,0.5172
HKH-07680,28.007,88.494,2018,0.5423
HKH-07680,28.007,88.494,2019,0.5274
HKH-07680,28.007,88.494,2020,0.5221
HKH-07680,28.007,88.494,2021,0.5309
HKH-07680,28.007,88.494,2022,0.5512
HKH-07741,27.895,88.761,2017,0.5387
HKH-07741,27.895,88.761,2018,0.2971
HKH-07741,27.895,88.761,2019,0.5822
HKH-07741,27.895,88.761,2020,0.5554
HKH-07741,27.895,88.761,2021,0.5978
HKH-07741,27.895,88.761,2022,0.5447
HKH-07481,28.002,88.639,2017,0.3717
HKH-07481,28.002,88.639,2018,0.3441
HKH-07481,28.002,88.639,2019,0.3784
HKH-07481,28.002,88.639,2020,0.3618
HKH-07481,28.002,88.639,2021,0.2797
HKH-07481,28.002,88.639,2022,0.3281
HKH-08367,27.949,88.305,2017,0.4432
HKH-08367,27.949,88.305,2018,0.4443
HKH-08367,27.949,88.305,2019,0.441
HKH-08367,27.949,88.305,2020,0.4551
HKH-08367,27.949,88.305,2021,0.443
HKH-08367,27.949,88.305,2022,0.4448
HKH-09157,27.672,88.513,2017,0.367
HKH-09157,27.672,88.513,2018,0.3676
HKH-09157,27.672,88.513,2019,0.3595
HKH-09157,27.672,88.513,2020,0.3496
HKH-09157,27.672,88.513,2021,0.3569
HKH-09157,27.672,88.513,2022,0.3536
HKH-07681,27.533,88.086,2017,0.4376
HKH-07681,27.533,88.086,2018,0.4364
HKH-07681,27.533,88.086,2019,0.4058
HKH-07681,27.533,88.086,2020,0.4005
HKH-07681,27.533,88.086,2021,0.3773
HKH-07681,27.533,88.086,2022,0.4331
HKH-09854,27.823,88.251,2017,0.6641
HKH-09854,27.823,88.251,2018,0.7891
HKH-09854,27.823,88.251,2019,0.649
HKH-09854,27.823,88.251,2020,0.6291
HKH-09854,27.823,88.251,2021,0.9333
HKH-09854,27.823,88.251,2022,0.9189
HKH-08187,27.901,88.782,2017,0.3294
HKH-08187,27.901,88.782,2018,0.2736
HKH-08187,27.901,88.782,2019,0.3303
HKH-08187,27.901,88.782,2020,0.3288
HKH-08187,27.901,88.782,2021,0.3302
HKH-08187,27.901,88.782,2022,0.3248
HKH-08485,27.375,88.763,2017,0.2692
HKH-08485,27.375,88.763,2018,0.2774
HKH-08485,27.375,88.763,2019,0.2877
HKH-08485,27.375,88.763,2020,0.2823
HKH-08485,27.375,88.763,2021,0.2901
HKH-08485,27.375,88.763,2022,0.2852
HKH-08051,28.015,88.562,2017,0.3145
HKH-08051,28.015,88.562,2018,0.3159
HKH-08051,28.015,88.562,2019,0.3131
HKH-08051,28.015,88.562,2020,0.3172
HKH-08051,28.015,88.562,2021,0.3118
HKH-08051,28.015,88.562,2022,0.3125
HKH-09014,28.008,88.572,2017,0.2976
HKH-09014,28.008,88.572,2018,0.292
HKH-09014,28.008,88.572,2019,0.2968
HKH-09014,28.008,88.572,2020,0.3031
HKH-09014,28.008,88.572,2021,0.3209
HKH-09014,28.008,88.572,2022,0.2955
HKH-08056,27.852,88.242,2017,0.0
HKH-08056,27.852,88.242,2018,0.3649
HKH-08056,27.852,88.242,2019,0.2417
HKH-08056,27.852,88.242,2020,0.3635
HKH-08056,27.852,88.242,2021,0.3242
HKH-08056,27.852,88.242,2022,0.2795
HKH-09471,27.467,88.75,2017,0.2352
HKH-09471,27.467,88.75,2018,0.2426
HKH-09471,27.467,88.75,2019,0.2419
HKH-09471,27.467,88.75,2020,0.2369
HKH-09471,27.467,88.75,2021,0.2459
HKH-09471,27.467,88.75,2022,0.2476
HKH-08256,27.962,88.743,2017,0.2183
HKH-08256,27.962,88.743,2018,0.2148
HKH-08256,27.962,88.743,2019,0.2128
HKH-08256,27.962,88.743,2020,0.1822
HKH-08256,27.962,88.743,2021,0.0326
HKH-08256,27.962,88.743,2022,0.2159
HKH-10633,27.346,88.819,2017,0.202
HKH-10633,27.346,88.819,2018,0.2124
HKH-10633,27.346,88.819,2019,0.2104
HKH-10633,27.346,88.819,2020,0.2052
HKH-10633,27.346,88.819,2021,0.2145
HKH-10633,27.346,88.819,2022,0.2125
HKH-09477,27.961,88.65,2017,0.2392
HKH-09477,27.961,88.65,2018,0.2392
HKH-09477,27.961,88.65,2019,0.2417
HKH-09477,27.961,88.65,2020,0.2319
HKH-09477,27.961,88.65,2021,0.2405
HKH-09477,27.961,88.65,2022,0.2371
HKH-09247,27.981,88.508,2017,0.4279
HKH-09247,27.981,88.508,2018,0.4432
HKH-09247,27.981,88.508,2019,0.4518
HKH-09247,27.981,88.508,2020,0.4377
HKH-09247,27.981,88.508,2021,0.442
HKH-09247,27.981,88.508,2022,0.4451
HKH-08177,27.969,88.797,2017,0.4078
HKH-08177,27.969,88.797,2018,0.3441
HKH-08177,27.969,88.797,2019,0.4172
HKH-08177,27.969,88.797,2020,0.4073
HKH-08177,27.969,88.797,2021,0.3872
HKH-08177,27.969,88.797,2022,0.3873
HKH-09158,27.956,88.358,2017,0.2199
HKH-09158,27.956,88.358,2018,0.2199
HKH-09158,27.956,88.358,2019,0.2323
HKH-09158,27.956,88.358,2020,0.4243
HKH-09158,27.956,88.358,2021,0.4614
HKH-09158,27.956,88.358,2022,0.2224
HKH-09745,27.864,88.746,2017,0.2228
HKH-09745,27.864,88.746,2018,0.2034
HKH-09745,27.864,88.746,2019,0.2375
HKH-09745,27.864,88.746,2020,0.1942
HKH-09745,27.864,88.746,2021,0.2164
HKH-09745,27.864,88.746,2022,0.2252
HKH-09787,27.662,88.69,2017,0.1473
HKH-09787,27.662,88.69,2018,0.1558
HKH-09787,27.662,88.69,2019,0.1539
HKH-09787,27.662,88.69,2020,0.1474
HKH-09787,27.662,88.69,2021,0.156
HKH-09787,27.662,88.69,2022,0.1523
HKH-08459,27.723,88.453,2017,0.1588
HKH-08459,27.723,88.453,2018,0.1573
HKH-08459,27.723,88.453,2019,0.1528
HKH-08459,27.723,88.453,2020,0.1583
HKH-08459,27.723,88.453,2021,0.1535
HKH-08459,27.723,88.453,2022,0.1554
HKH-08315,27.73,88.833,2017,0.196
HKH-08315,27.73,88.833,2018,0.1807
HKH-08315,27.73,88.833,2019,0.1904
HKH-08315,27.73,88.833,2020,0.1873
HKH-08315,27.73,88.833,2021,0.1956
HKH-08315,27.73,88.833,2022,0.1967
HKH-11437,27.816,88.657,2017,0.1798
HKH-11437,27.816,88.657,2018,0.1802
HKH-11437,27.816,88.657,2019,0.1768
HKH-11437,27.816,88.657,2020,0.1816
HKH-11437,27.816,88.657,2021,0.1859
HKH-11437,27.816,88.657,2022,0.1783
HKH-07873,27.894,88.192,2017,0.0
HKH-07873,27.894,88.192,2018,0.1767
HKH-07873,27.894,88.192,2019,0.0
HKH-07873,27.894,88.192,2020,0.2465
HKH-07873,27.894,88.192,2021,0.1658
HKH-07873,27.894,88.192,2022,0.1785
HKH-08780,27.956,88.714,2017,0.0723
HKH-08780,27.956,88.714,2018,0.0679
HKH-08780,27.956,88.714,2019,0.3429
HKH-08780,27.956,88.714,2020,0.2006
HKH-08780,27.956,88.714,2021,0.0
HKH-08780,27.956,88.714,2022,0.3802
HKH-07446,27.881,88.25,2017,0.1768
HKH-07446,27.881,88.25,2018,0.1743
HKH-07446,27.881,88.25,2019,0.1865
HKH-07446,27.881,88.25,2020,0.1779
HKH-07446,27.881,88.25,2021,0.1296
HKH-07446,27.881,88.25,2022,0.1492
HKH-20729,27.759,88.484,2017,0.1507
HKH-20729,27.759,88.484,2018,0.0973
HKH-20729,27.759,88.484,2019,0.1331
HKH-20729,27.759,88.484,2020,0.113
HKH-20729,27.759,88.484,2021,0.1368
HKH-20729,27.759,88.484,2022,0.1442
HKH-08675,28.015,88.652,2017,0.1655
HKH-08675,28.015,88.652,2018,0.1611
HKH-08675,28.015,88.652,2019,0.1653
HKH-08675,28.015,88.652,2020,0.1618
HKH-08675,28.015,88.652,2021,0.1772
HKH-08675,28.015,88.652,2022,0.1621
HKH-07961,27.865,88.863,2017,0.1712
HKH-07961,27.865,88.863,2018,0.1725
HKH-07961,27.865,88.863,2019,0.1724
HKH-07961,27.865,88.863,2020,0.1678
HKH-07961,27.865,88.863,2021,0.1723
HKH-07961,27.865,88.863,2022,0.1699
HKH-10300,27.438,88.083,2017,0.152
HKH-10300,27.438,88.083,2018,0.1529
HKH-10300,27.438,88.083,2019,0.1477
HKH-10300,27.438,88.083,2020,0.1444
HKH-10300,27.438,88.083,2021,0.1486
HKH-10300,27.438,88.083,2022,0.1456
HKH-09734,27.969,88.43,2017,0.171
HKH-09734,27.969,88.43,2018,0.169
HKH-09734,27.969,88.43,2019,0.181
HKH-09734,27.969,88.43,2020,0.1717
HKH-09734,27.969,88.43,2021,0.1921
HKH-09734,27.969,88.43,2022,0.1716
HKH-08883,27.936,88.784,2017,0.0532
HKH-08883,27.936,88.784,2018,0.1235
HKH-08883,27.936,88.784,2019,0.1437
HKH-08883,27.936,88.784,2020,0.0826
HKH-08883,27.936,88.784,2021,0.1323
HKH-08883,27.936,88.784,2022,0.0174
HKH-09038,27.974,88.423,2017,0.1504
HKH-09038,27.974,88.423,2018,0.1512
HKH-09038,27.974,88.423,2019,0.201
HKH-09038,27.974,88.423,2020,0.4001
HKH-09038,27.974,88.423,2021,0.3944
HKH-09038,27.974,88.423,2022,0.4189
HKH-09708,27.818,88.261,2017,0.1394
HKH-09708,27.818,88.261,2018,0.1515
HKH-09708,27.818,88.261,2019,0.0718
HKH-09708,27.818,88.261,2020,0.1371
HKH-09708,27.818,88.261,2021,0.1297
HKH-09708,27.818,88.261,2022,0.1376
HKH-08066,27.977,88.793,2017,0.1336
HKH-08066,27.977,88.793,2018,0.046
HKH-08066,27.977,88.793,2019,0.0092
HKH-08066,27.977,88.793,2020,0.0373
HKH-08066,27.977,88.793,2021,0.0216
HKH-08066,27.977,88.793,2022,0.1146
HKH-11433,27.723,88.69,2017,0.1652
HKH-11433,27.723,88.69,2018,0.0792
HKH-11433,27.723,88.69,2019,0.1541
HKH-11433,27.723,88.69,2020,0.1593
HKH-11433,27.723,88.69,2021,0.1699
HKH-11433,27.723,88.69,2022,0.1681
HKH-08674,27.991,88.603,2017,0.1169
HKH-08674,27.991,88.603,2018,0.1122
HKH-08674,27.991,88.603,2019,0.1151
HKH-08674,27.991,88.603,2020,0.1023
HKH-08674,27.991,88.603,2021,0.0867
HKH-08674,27.991,88.603,2022,0.1146
HKH-08120,27.678,88.378,2017,0.2145
HKH-08120,27.678,88.378,2018,0.1684
HKH-08120,27.678,88.378,2019,0.2267
HKH-08120,27.678,88.378,2020,0.2789
HKH-08120,27.678,88.378,2021,0.3299
HKH-08120,27.678,88.378,2022,0.327
HKH-08201,27.964,88.796,2017,0.4057
HKH-08201,27.964,88.796,2018,0.1434
HKH-08201,27.964,88.796,2019,0.4166
HKH-08201,27.964,88.796,2020,0.4052
HKH-08201,27.964,88.796,2021,0.3862
HKH-08201,27.964,88.796,2022,0.3846
HKH-09156,27.971,88.593,2017,0.1132
HKH-09156,27.971,88.593,2018,0.1104
HKH-09156,27.971,88.593,2019,0.1083
HKH-09156,27.971,88.593,2020,0.0517
HKH-09156,27.971,88.593,2021,0.06
HKH-09156,27.971,88.593,2022,0.1122
HKH-09296,27.749,88.234,2017,0.1143
HKH-09296,27.749,88.234,2018,0.0699
HKH-09296,27.749,88.234,2019,0.0952
HKH-09296,27.749,88.234,2020,0.1216
HKH-09296,27.749,88.234,2021,0.04
HKH-09296,27.749,88.234,2022,0.093
HKH-07655,27.95,88.353,2017,0.2741
HKH-07655,27.95,88.353,2018,0.2713
HKH-07655,27.95,88.353,2019,0.2528
HKH-07655,27.95,88.353,2020,0.5064
HKH-07655,27.95,88.353,2021,0.5069
HKH-07655,27.95,88.353,2022,0.274
HKH-08835,27.843,88.232,2017,0.1367
HKH-08835,27.843,88.232,2018,0.1394
HKH-08835,27.843,88.232,2019,0.1226
HKH-08835,27.843,88.232,2020,0.1586
HKH-08835,27.843,88.232,2021,0.1499
HKH-08835,27.843,88.232,2022,0.1384
HKH-07839,27.797,88.801,2017,0.1076
HKH-07839,27.797,88.801,2018,0.0734
HKH-07839,27.797,88.801,2019,0.1009
HKH-07839,27.797,88.801,2020,0.0557
HKH-07839,27.797,88.801,2021,0.0617
HKH-07839,27.797,88.801,2022,0.0442
HKH-08633,27.873,88.789,2017,0.1323
HKH-08633,27.873,88.789,2018,0.1317
HKH-08633,27.873,88.789,2019,0.1394
HKH-08633,27.873,88.789,2020,0.1322
HKH-08633,27.873,88.789,2021,0.1458
HKH-08633,27.873,88.789,2022,0.1368
HKH-10295,27.92,88.314,2017,0.1216
HKH-10295,27.92,88.314,2018,0.1233
HKH-10295,27.92,88.314,2019,0.1174
HKH-10295,27.92,88.314,2020,0.1195
HKH-10295,27.92,88.314,2021,0.0897
HKH-10295,27.92,88.314,2022,0.1233
HKH-09925,27.886,88.265,2017,0.11
HKH-09925,27.886,88.265,2018,0.1136
HKH-09925,27.886,88.265,2019,0.1214
HKH-09925,27.886,88.265,2020,0.1149
HKH-09925,27.886,88.265,2021,0.1446
HKH-09925,27.886,88.265,2022,0.1141
HKH-09752,27.478,88.775,2017,0.1085
HKH-09752,27.478,88.775,2018,0.1123
HKH-09752,27.478,88.775,2019,0.1057
HKH-09752,27.478,88.775,2020,0.1094
HKH-09752,27.478,88.775,2021,0.1186
HKH-09752,27.478,88.775,2022,0.1069
HKH-07963,27.92,88.672,2017,0.1357
HKH-07963,27.92,88.672,2018,0.133
HKH-07963,27.92,88.672,2019,0.1365
HKH-07963,27.92,88.672,2020,0.1306
HKH-07963,27.92,88.672,2021,0.1419
HKH-07963,27.92,88.672,2022,0.135
