name,place,dist_to_river_km,dist_from_lake_km,lat,lon
Thangu Valley,village,0.2,35.1,27.8924989,88.5359631
Bamzey,hamlet,1.2,35.9,27.9014906,88.5446814
Lachen,town,0.5,41.0,27.7306136,88.5495009
Passingdong,village,2.0,52.8,27.5280875,88.5143684
Sangkalang,village,0.3,55.5,27.5068256,88.5294268
Sentam,village,1.1,55.9,27.5171438,88.5491178
Mangan,town,0.9,56.4,27.5011476,88.5355333
Chungthang,village,0.2,56.5,27.604236,88.6465196
Sudur,village,0.9,57.5,27.4734105,88.5113495
Rapchyong,village,1.0,57.6,27.4700408,88.5088389
Bringbong,village,0.3,57.7,27.4775416,88.5214453
"Gnon-Sangdong, Lower Dzongu",village,1.0,58.8,27.4542991,88.5033626
Nanga,village,0.4,59.0,27.5409131,88.6220462
Gnon,village,0.8,59.6,27.4468505,88.5055448
Dikchu,village,0.3,64.7,27.4022231,88.5224236
Samdong,village,1.5,66.7,27.3762929,88.5136592
Raley,village,0.7,68.4,27.346385,88.486815
Lingmoo,village,1.0,68.5,27.3385259,88.4709157
Makha,village,0.5,70.6,27.3114263,88.4551789
Simchuthang,village,1.0,77.4,27.2441608,88.4505706
Singtam,town,0.6,80.4,27.2319975,88.4970841
Burdāng,village,0.3,81.6,27.217871,88.492303
