date,variable,value,kind
2023-01-01,temperature_c,-9.57,history
2023-02-01,temperature_c,-7.57,history
2023-03-01,temperature_c,-7.26,history
2023-04-01,temperature_c,-4.38,history
2023-05-01,temperature_c,-0.32,history
2023-06-01,temperature_c,5.01,history
2023-07-01,temperature_c,6.68,history
2023-08-01,temperature_c,7.0,history
2023-09-01,temperature_c,4.82,history
2023-10-01,temperature_c,-0.13,history
2023-11-01,temperature_c,-4.1,history
2023-12-01,temperature_c,-7.34,history
2024-01-01,temperature_c,-10.34,history
2024-02-01,temperature_c,-10.42,history
2024-03-01,temperature_c,-5.79,history
2024-04-01,temperature_c,-2.22,history
2024-05-01,temperature_c,1.88,history
2024-06-01,temperature_c,6.18,history
2024-07-01,temperature_c,7.36,history
2024-08-01,temperature_c,6.15,history
2024-09-01,temperature_c,4.89,history
2024-10-01,temperature_c,1.21,history
2024-11-01,temperature_c,-3.05,history
2024-12-01,temperature_c,-7.22,history
2025-01-01,temperature_c,-7.02,history
2025-02-01,temperature_c,-8.28,history
2025-03-01,temperature_c,-6.68,history
2025-04-01,temperature_c,-1.76,history
2025-05-01,temperature_c,2.2,history
2025-06-01,temperature_c,5.61,history
2025-07-01,temperature_c,7.02,history
2025-08-01,temperature_c,6.82,history
2025-09-01,temperature_c,5.17,history
2025-10-01,temperature_c,0.32,history
2025-11-01,temperature_c,-3.47,history
2025-12-01,temperature_c,-6.0,history
2026-01-01,temperature_c,-9.64,forecast
2026-02-01,temperature_c,-8.43,forecast
2026-03-01,temperature_c,-5.8,forecast
2026-04-01,temperature_c,-1.87,forecast
2026-05-01,temperature_c,1.97,forecast
2026-06-01,temperature_c,6.04,forecast
2026-07-01,temperature_c,7.11,forecast
2026-08-01,temperature_c,6.92,forecast
2026-09-01,temperature_c,5.29,forecast
2026-10-01,temperature_c,0.72,forecast
2026-11-01,temperature_c,-3.33,forecast
2026-12-01,temperature_c,-7.13,forecast
2023-01-01,rainfall_mm,0.26,history
2023-02-01,rainfall_mm,15.42,history
2023-03-01,rainfall_mm,68.89,history
2023-04-01,rainfall_mm,67.17,history
2023-05-01,rainfall_mm,78.57,history
2023-06-01,rainfall_mm,161.03,history
2023-07-01,rainfall_mm,229.04,history
2023-08-01,rainfall_mm,255.39,history
2023-09-01,rainfall_mm,78.35,history
2023-10-01,rainfall_mm,45.89,history
2023-11-01,rainfall_mm,1.32,history
2023-12-01,rainfall_mm,8.46,history
2024-01-01,rainfall_mm,3.35,history
2024-02-01,rainfall_mm,8.98,history
2024-03-01,rainfall_mm,48.96,history
2024-04-01,rainfall_mm,28.64,history
2024-05-01,rainfall_mm,81.63,history
2024-06-01,rainfall_mm,310.21,history
2024-07-01,rainfall_mm,270.98,history
2024-08-01,rainfall_mm,202.16,history
2024-09-01,rainfall_mm,260.9,history
2024-10-01,rainfall_mm,53.59,history
2024-11-01,rainfall_mm,1.74,history
2024-12-01,rainfall_mm,1.03,history
2025-01-01,rainfall_mm,4.3,history
2025-02-01,rainfall_mm,13.88,history
2025-03-01,rainfall_mm,51.19,history
2025-04-01,rainfall_mm,65.15,history
2025-05-01,rainfall_mm,134.01,history
2025-06-01,rainfall_mm,138.24,history
2025-07-01,rainfall_mm,216.8,history
2025-08-01,rainfall_mm,174.59,history
2025-09-01,rainfall_mm,155.27,history
2025-10-01,rainfall_mm,93.29,history
2025-11-01,rainfall_mm,20.93,history
2025-12-01,rainfall_mm,0.0,history
2026-01-01,rainfall_mm,15.27,forecast
2026-02-01,rainfall_mm,22.55,forecast
2026-03-01,rainfall_mm,48.95,forecast
2026-04-01,rainfall_mm,71.32,forecast
2026-05-01,rainfall_mm,108.48,forecast
2026-06-01,rainfall_mm,170.64,forecast
2026-07-01,rainfall_mm,240.77,forecast
2026-08-01,rainfall_mm,214.69,forecast
2026-09-01,rainfall_mm,147.65,forecast
2026-10-01,rainfall_mm,52.56,forecast
2026-11-01,rainfall_mm,11.62,forecast
2026-12-01,rainfall_mm,12.97,forecast
