lake_id,name,region,lat,lon,basin,sub_basin,area_km2,altitude_m,lake_type,dist_to_glacier_km,model_prob,lake_growth_pct,risk_score,risk_level,anomaly_score,is_anomaly,near_known_burst,is_case_study
HKH-08056,Lake HKH-08056,tista,27.852,88.242,Tista,Zemu,0.214,5191,M(e),0.36,0.9712,,0.9712,High,0.587,True,True,False
HKH-08633,Lake HKH-08633,tista,27.873,88.789,Tista,Changme,0.103,4957,M(e),0.79,0.9596,,0.9596,High,0.177,False,False,False
HKH-08835,Lake HKH-08835,tista,27.843,88.232,Tista,Zemu,0.109,5320,M(e),0.46,0.9555,,0.9555,High,0.573,True,True,False
HKH-07704,Lake HKH-07704,tista,27.563,88.123,Tista,East Rathong,0.1,4710,M(e),0.52,0.9494,,0.9494,High,0.175,False,True,False
HKH-07681,Lake HKH-07681,tista,27.533,88.086,Tista,East Rathong,0.307,4860,M(e),0.81,0.9469,,0.9469,High,0.262,False,False,False
HKH-08367,Lake HKH-08367,tista,27.949,88.305,Tista,Zemu,0.355,5043,M(e),1.61,0.932,,0.932,High,0.291,False,False,False
HKH-08027,South Lhonak Lake,tista,27.913,88.199,Tista,Zemu,0.977,5188,M(e),0.51,0.9281,,0.9281,High,0.706,True,True,True
HKH-09411,Lake HKH-09411,tista,28.008,88.699,Tista,Zemu,0.814,5209,M(e),0.95,0.9265,,0.9265,High,0.663,True,False,False
HKH-09477,Lake HKH-09477,tista,27.961,88.65,Tista,Zemu,0.191,4953,M(e),0.26,0.9206,,0.9206,High,0.183,False,False,False
HKH-07481,Lake HKH-07481,tista,28.002,88.639,Tista,Zemu,0.358,5421,M(e),0.8,0.9132,,0.9132,High,0.483,False,False,False
HKH-08075,Lake HKH-08075,tista,27.993,88.545,Tista,Zemu,0.775,5157,M(e),1.22,0.9093,,0.9093,High,0.508,False,False,False
HKH-09708,Lake HKH-09708,tista,27.818,88.261,Tista,Zemu,0.118,5482,M(e),0.38,0.9055,,0.9055,High,0.362,False,False,False
HKH-07963,Lake HKH-07963,tista,27.92,88.672,Tista,Changme,0.101,4826,M(e),0.37,0.9048,,0.9048,High,0.133,False,False,False
HKH-09140,Lake HKH-09140,tista,27.869,88.741,Tista,Changme,0.055,5067,M(e),0.68,0.9019,,0.9019,High,0.029,False,False,False
HKH-07446,Lake HKH-07446,tista,27.881,88.25,Tista,Zemu,0.143,5199,M(e),0.38,0.8969,,0.8969,High,0.161,False,False,False
HKH-10384,Lake HKH-10384,tista,27.937,88.267,Tista,Zemu,0.076,5213,M(e),0.42,0.8739,,0.8739,High,0.057,False,True,False
HKH-09341,Lake HKH-09341,tista,27.894,88.213,Tista,Zemu,0.098,5428,M(e),0.0,0.8664,,0.8664,High,0.361,False,False,False
HKH-08177,Lake HKH-08177,tista,27.969,88.797,Tista,Changme,0.185,5355,M(e),0.26,0.8663,,0.8663,High,0.215,False,False,False
HKH-08853,Lake HKH-08853,tista,27.975,88.616,Tista,Zemu,0.585,4960,M(e),0.68,0.8591,,0.8591,High,0.578,True,False,False
HKH-09745,Lake HKH-09745,tista,27.864,88.746,Tista,Changme,0.18,5081,M(e),0.0,0.8547,,0.8547,High,0.186,False,False,False
HKH-08201,Lake HKH-08201,tista,27.964,88.796,Tista,Changme,0.112,5350,M(e),0.32,0.8496,,0.8496,High,0.182,False,False,False
HKH-08780,Lake HKH-08780,tista,27.956,88.714,Tista,Changme,0.159,5073,M(e),0.16,0.8478,,0.8478,High,0.109,False,False,False
HKH-11437,Lake HKH-11437,tista,27.816,88.657,Tista,Changme,0.16,4594,M(e),0.52,0.8448,,0.8448,High,0.192,False,False,False
HKH-07873,Lake HKH-07873,tista,27.894,88.192,Tista,Zemu,0.159,5495,M(e),0.24,0.8446,,0.8446,High,0.462,False,True,False
HKH-09395,Lake HKH-09395,tista,27.92,88.162,Tista,Zemu,0.681,5441,M(e),0.72,0.8359,,0.8359,High,1.0,True,False,False
HKH-08241,Lake HKH-08241,tista,27.873,88.638,Tista,Zemu,0.085,5117,M(e),0.3,0.8322,,0.8322,High,0.192,False,False,False
HKH-07753,Lake HKH-07753,tista,27.602,88.185,Tista,East Rathong,0.076,4772,M(e),0.46,0.8198,,0.8198,High,0.139,False,True,False
HKH-08883,Lake HKH-08883,tista,27.936,88.784,Tista,Changme,0.134,5334,M(e),0.26,0.8126,,0.8126,High,0.266,False,False,False
HKH-09038,Lake HKH-09038,tista,27.974,88.423,Tista,Zemu,0.128,5181,M(e),0.45,0.8122,,0.8122,High,0.101,False,False,False
HKH-09509,Lake HKH-09509,tista,27.902,88.629,Tista,Zemu,0.064,5077,M(e),0.14,0.8115,,0.8115,High,0.198,False,False,False
HKH-07556,Lake HKH-07556,tista,27.991,88.815,Tista,Zemu,1.694,5303,M(e),0.53,0.8077,,0.8077,High,0.892,True,False,False
HKH-08071,Lake HKH-08071,tista,28.0,88.548,Tista,Zemu,0.081,5156,M(e),0.93,0.8011,,0.8011,High,0.07,False,False,False
HKH-07741,Lake HKH-07741,tista,27.895,88.761,Tista,Changme,0.406,5232,M(e),0.27,0.7987,,0.7987,High,0.614,True,False,False
HKH-08120,Lake HKH-08120,tista,27.678,88.378,Tista,Talung,0.112,3949,M(e),0.32,0.7957,,0.7957,High,0.362,False,False,False
HKH-08119,Lake HKH-08119,tista,27.953,88.296,Tista,Zemu,0.048,5110,M(e),0.48,0.7848,,0.7848,High,0.272,False,False,False
HKH-07522,Lake HKH-07522,tista,28.006,88.713,Tista,Zemu,1.192,5232,M(e),0.72,0.7828,,0.7828,High,0.815,True,False,False
HKH-09397,Lake HKH-09397,tista,28.006,88.655,Tista,Zemu,0.045,5551,M(e),0.46,0.7823,,0.7823,High,0.198,False,False,False
HKH-09558,Lake HKH-09558,tista,27.994,88.801,Tista,Zemu,0.082,5296,M(e),0.2,0.779,,0.779,High,0.278,False,False,False
HKH-08675,Lake HKH-08675,tista,28.015,88.652,Tista,Zemu,0.139,5522,M(e),1.36,0.7726,,0.7726,High,0.288,False,False,False
HKH-08187,Lake HKH-08187,tista,27.901,88.782,Tista,Changme,0.279,5110,M(e),0.64,0.7616,,0.7616,High,0.25,False,True,False
HKH-08090,Lake HKH-08090,tista,27.976,88.419,Tista,Zemu,0.097,5194,M(e),0.0,0.7484,,0.7484,High,0.13,False,False,False
HKH-09356,Lake HKH-09356,tista,27.943,88.272,Tista,Zemu,0.068,5159,M(e),0.56,0.7419,,0.7419,High,0.104,False,True,False
HKH-09734,Lake HKH-09734,tista,27.969,88.43,Tista,Zemu,0.137,4975,M(e),1.38,0.7389,,0.7389,High,0.11,False,False,False
HKH-09149,Lake HKH-09149,tista,27.599,88.182,Tista,East Rathong,0.01,4792,M(o),0.5,0.735,,0.735,High,0.199,False,True,False
HKH-09836,Lake HKH-09836,tista,27.873,88.801,Tista,Changme,0.042,5081,M(e),0.19,0.7334,,0.7334,High,0.111,False,False,False
HKH-07722,Lake HKH-07722,tista,27.861,88.865,Tista,Changme,0.026,4826,M(o),0.59,0.7319,,0.7319,High,0.199,False,True,False
HKH-11438,Lake HKH-11438,tista,27.848,88.674,Tista,Changme,0.02,4619,M(o),0.37,0.7278,,0.7278,High,0.122,False,False,False
HKH-07680,Lake HKH-07680,tista,28.007,88.494,Tista,Zemu,0.409,5023,M(e),2.04,0.7115,,0.7115,High,0.389,False,True,False
HKH-07961,Lake HKH-07961,tista,27.865,88.863,Tista,Changme,0.139,4781,M(e),0.26,0.7098,,0.7098,High,0.258,False,True,False
HKH-08873,Lake HKH-08873,tista,27.827,88.764,Tista,Changme,0.033,4475,M(e),0.38,0.7057,,0.7057,High,0.261,False,False,False
HKH-10433,Lake HKH-10433,tista,27.831,88.318,Tista,Zemu,0.098,5208,M(o),0.44,0.6964,,0.6964,High,0.065,False,False,False
HKH-09668,Lake HKH-09668,tista,27.858,88.233,Tista,Zemu,0.02,5371,M(l),0.4,0.6912,,0.6912,High,0.32,False,True,False
HKH-09407,Lake HKH-09407,tista,28.003,88.657,Tista,Zemu,0.031,5563,M(e),0.1,0.6767,,0.6767,High,0.257,False,False,False
HKH-08361,Lake HKH-08361,tista,28.0,88.748,Tista,Zemu,0.027,5098,M(o),0.71,0.6679,,0.6679,High,0.028,False,False,False
HKH-08299,Lake HKH-08299,tista,27.883,88.26,Tista,Zemu,0.087,5125,M(e),1.52,0.6673,,0.6673,High,0.211,False,False,False
HKH-08154,Lake HKH-08154,tista,27.872,88.633,Tista,Zemu,0.02,5089,M(o),0.33,0.6637,,0.6637,High,0.034,False,False,False
HKH-08445,Lake HKH-08445,tista,27.967,88.633,Tista,Zemu,0.026,5024,M(e),0.15,0.6615,,0.6615,High,0.026,False,False,False
HKH-08493,Lake HKH-08493,tista,27.576,88.181,Tista,East Rathong,0.013,4544,M(l),0.19,0.6509,,0.6509,High,0.148,False,False,False
HKH-07751,Lake HKH-07751,tista,27.82,88.244,Tista,Zemu,0.05,5417,M(o),0.0,0.6458,,0.6458,High,0.33,False,False,False
HKH-09247,Lake HKH-09247,tista,27.981,88.508,Tista,Zemu,0.187,4915,E(c),0.42,0.6441,,0.6441,High,0.13,False,False,False
HKH-09712,Lake HKH-09712,tista,27.874,88.856,Tista,Changme,0.046,5065,M(o),0.24,0.6432,,0.6432,High,0.349,False,True,False
HKH-08033,Lake HKH-08033,tista,27.998,88.744,Tista,Zemu,0.028,5170,M(o),0.56,0.6405,,0.6405,High,0.066,False,False,False
HKH-09378,Lake HKH-09378,tista,27.951,88.704,Tista,Changme,0.025,5035,M(o),0.46,0.6399,,0.6399,High,0.147,False,False,False
HKH-11427,Lake HKH-11427,tista,27.54,88.083,Tista,East Rathong,0.014,4903,M(e),0.24,0.6341,,0.6341,High,0.094,False,False,False
HKH-09296,Lake HKH-09296,tista,27.749,88.234,Tista,Zemu,0.11,5179,E(c),0.34,0.6316,,0.6316,High,0.349,False,False,False
HKH-08066,Lake HKH-08066,tista,27.977,88.793,Tista,Changme,0.116,5433,E(c),0.57,0.6303,,0.6303,High,0.185,False,False,False
HKH-08049,Lake HKH-08049,tista,27.816,88.794,Tista,Changme,0.036,4783,M(e),0.58,0.6296,,0.6296,High,0.221,False,False,False
HKH-10582,Lake HKH-10582,tista,27.851,88.876,Tista,Changme,0.044,4987,M(o),0.82,0.6268,,0.6268,High,0.118,False,True,False
HKH-10347,Lake HKH-10347,tista,27.821,88.247,Tista,Zemu,0.053,5413,M(o),0.0,0.6239,,0.6239,High,0.348,False,False,False
HKH-09467,Lake HKH-09467,tista,27.899,88.754,Tista,Changme,0.073,5218,E(c),0.77,0.6198,,0.6198,High,0.126,False,False,False
HKH-08755,Lake HKH-08755,tista,27.934,88.66,Tista,Changme,0.035,5184,M(o),0.54,0.6161,,0.6161,High,0.035,False,False,False
HKH-09738,Lake HKH-09738,tista,27.97,88.345,Tista,Zemu,0.042,5220,M(o),1.55,0.616,,0.616,High,0.095,False,False,False
HKH-09704,Lake HKH-09704,tista,27.993,88.796,Tista,Zemu,0.033,5278,M(e),0.24,0.6058,,0.6058,High,0.081,False,False,False
HKH-08829,Lake HKH-08829,tista,27.566,88.117,Tista,East Rathong,0.022,4757,M(l),0.32,0.6025,,0.6025,High,0.143,False,True,False
HKH-11417,Lake HKH-11417,tista,28.004,88.62,Tista,Zemu,0.023,4972,M(e),0.23,0.6017,,0.6017,High,0.056,False,False,False
HKH-09083,Lake HKH-09083,tista,27.998,88.8,Tista,Zemu,0.036,5299,M(o),0.58,0.6009,,0.6009,High,0.391,False,False,False
HKH-09854,Lake HKH-09854,tista,27.823,88.251,Tista,Zemu,0.299,5409,M(o),0.0,0.5993,,0.5993,Medium,0.576,True,False,False
HKH-11419,Lake HKH-11419,tista,27.888,88.208,Tista,Zemu,0.013,5469,M(e),0.0,0.5992,,0.5992,Medium,0.356,False,False,False
HKH-07448,Lake HKH-07448,tista,27.556,88.121,Tista,East Rathong,0.015,4615,M(o),0.0,0.5921,,0.5921,Medium,0.156,False,True,False
HKH-10480,Lake HKH-10480,tista,27.961,88.471,Tista,Zemu,0.038,4748,M(e),1.13,0.5898,,0.5898,Medium,0.051,False,False,False
HKH-07845,Lake HKH-07845,tista,27.993,88.744,Tista,Zemu,0.018,5176,M(o),0.15,0.5872,,0.5872,Medium,0.056,False,False,False
HKH-08296,Lake HKH-08296,tista,27.939,88.464,Tista,Zemu,0.038,4930,M(e),0.92,0.5866,,0.5866,Medium,0.091,False,False,False
HKH-10556,Lake HKH-10556,tista,27.928,88.667,Tista,Changme,0.019,5108,M(o),0.86,0.5835,,0.5835,Medium,0.108,False,False,False
HKH-11423,Lake HKH-11423,tista,27.708,88.381,Tista,Talung,0.019,4819,M(l),0.34,0.5749,,0.5749,Medium,0.443,False,False,False
HKH-07660,Lake HKH-07660,tista,27.873,88.627,Tista,Zemu,0.013,5072,M(o),0.29,0.5643,,0.5643,Medium,0.244,False,False,False
HKH-08693,Lake HKH-08693,tista,27.871,88.752,Tista,Changme,0.024,5321,M(o),0.37,0.5628,,0.5628,Medium,0.093,False,False,False
HKH-20727,Lake HKH-20727,tista,27.9,88.217,Tista,Zemu,0.006,5406,M(e),0.34,0.5615,,0.5615,Medium,0.272,False,False,False
HKH-08256,Lake HKH-08256,tista,27.962,88.743,Tista,Changme,0.198,5043,M(e),2.11,0.561,,0.561,Medium,0.175,False,False,False
HKH-20726,Lake HKH-20726,tista,28.008,88.623,Tista,Zemu,0.009,4965,M(e),0.69,0.5568,,0.5568,Medium,0.014,False,False,False
HKH-09453,Lake HKH-09453,tista,27.854,88.806,Tista,Changme,0.099,5040,E(c),0.58,0.5548,,0.5548,Medium,0.165,False,False,False
HKH-09252,Lake HKH-09252,tista,27.947,88.332,Tista,Zemu,0.594,5034,M(e),2.72,0.5513,,0.5513,Medium,0.61,True,False,False
HKH-09974,Lake HKH-09974,tista,27.95,88.71,Tista,Changme,0.006,5039,M(o),0.8,0.5442,,0.5442,Medium,0.014,False,False,False
HKH-08903,Lake HKH-08903,tista,27.947,88.219,Tista,Zemu,0.044,5310,M(o),1.36,0.5423,,0.5423,Medium,0.165,False,False,False
HKH-09092,Lake HKH-09092,tista,27.905,88.789,Tista,Changme,0.004,5177,M(o),0.0,0.5403,,0.5403,Medium,0.117,False,True,False
HKH-20728,Lake HKH-20728,tista,27.889,88.208,Tista,Zemu,0.005,5477,M(e),0.0,0.5395,,0.5395,Medium,0.353,False,False,False
HKH-10492,Lake HKH-10492,tista,27.848,88.868,Tista,Changme,0.053,4921,M(o),1.18,0.5387,,0.5387,Medium,0.129,False,True,False
HKH-10014,Lake HKH-10014,tista,28.008,88.683,Tista,Zemu,0.021,5624,M(e),0.02,0.5384,,0.5384,Medium,0.444,False,False,False
HKH-11445,Lake HKH-11445,tista,27.879,88.787,Tista,Changme,0.011,4991,M(o),0.19,0.5382,,0.5382,Medium,0.136,False,False,False
HKH-08537,Lake HKH-08537,tista,27.94,88.783,Tista,Changme,0.009,5338,M(o),0.11,0.5375,,0.5375,Medium,0.173,False,False,False
HKH-08473,Lake HKH-08473,tista,27.988,88.736,Tista,Zemu,0.101,5185,E(c),0.3,0.5366,,0.5366,Medium,0.102,False,False,False
HKH-11460,Lake HKH-11460,tista,27.933,88.26,Tista,Zemu,0.024,5375,M(o),0.23,0.5354,,0.5354,Medium,0.369,False,True,False
HKH-08432,Lake HKH-08432,tista,27.842,88.878,Tista,Changme,0.043,5112,E(c),0.93,0.5353,,0.5353,Medium,0.222,False,False,False
HKH-08078,Lake HKH-08078,tista,27.956,88.788,Tista,Changme,0.025,5291,M(o),0.81,0.5323,,0.5323,Medium,0.07,False,False,False
HKH-09399,Lake HKH-09399,tista,27.97,88.728,Tista,Changme,0.024,5219,M(o),0.6,0.5318,,0.5318,Medium,0.051,False,False,False
HKH-08051,Lake HKH-08051,tista,28.015,88.562,Tista,Zemu,0.254,5049,E(c),1.16,0.524,,0.524,Medium,0.224,False,True,False
HKH-09079,Lake HKH-09079,tista,27.965,88.369,Tista,Zemu,0.036,5058,M(e),2.21,0.5239,,0.5239,Medium,0.056,False,False,False
HKH-11461,Lake HKH-11461,tista,27.943,88.292,Tista,Zemu,0.013,5210,M(o),0.8,0.5217,,0.5217,Medium,0.015,False,False,False
HKH-08869,Lake HKH-08869,tista,27.821,88.241,Tista,Zemu,0.01,5441,I(s),0.0,0.5186,,0.5186,Medium,0.552,False,False,False
HKH-09165,Lake HKH-09165,tista,27.988,88.512,Tista,Zemu,0.004,4998,M(o),0.14,0.5151,,0.5151,Medium,0.065,False,False,False
HKH-07877,Lake HKH-07877,tista,28.001,88.75,Tista,Zemu,0.011,5096,M(o),0.82,0.5131,,0.5131,Medium,0.191,False,False,False
HKH-11415,Lake HKH-11415,tista,28.016,88.707,Tista,Zemu,0.009,5211,M(e),1.77,0.5127,,0.5127,Medium,0.062,False,False,False
HKH-10183,Lake HKH-10183,tista,27.878,88.814,Tista,Changme,0.012,5016,M(o),0.33,0.5095,,0.5095,Medium,0.088,False,False,False
HKH-11465,Lake HKH-11465,tista,27.945,88.289,Tista,Zemu,0.011,5270,M(o),0.46,0.5018,,0.5018,Medium,0.036,False,False,False
HKH-07424,Lake HKH-07424,tista,28.027,88.71,Tista,Zemu,1.124,5148,M(e),2.67,0.4987,,0.4987,Medium,0.87,True,False,False
HKH-11444,Lake HKH-11444,tista,27.974,88.746,Tista,Changme,0.008,5188,M(o),0.95,0.4982,,0.4982,Medium,0.042,False,False,False
HKH-11418,Lake HKH-11418,tista,27.928,88.193,Tista,Zemu,0.014,5398,M(o),0.15,0.4976,,0.4976,Medium,0.203,False,True,False
HKH-11443,Lake HKH-11443,tista,27.968,88.645,Tista,Zemu,0.007,5101,M(o),0.0,0.4956,,0.4956,Medium,0.052,False,False,False
HKH-08013,Lake HKH-08013,tista,27.998,88.732,Tista,Zemu,0.018,5375,M(o),0.96,0.493,,0.493,Medium,0.326,False,False,False
HKH-08726,Lake HKH-08726,tista,27.938,88.276,Tista,Zemu,0.012,5146,M(o),0.86,0.4894,,0.4894,Medium,0.117,False,True,False
HKH-10498,Lake HKH-10498,tista,27.867,88.633,Tista,Zemu,0.009,4966,M(o),0.37,0.4874,,0.4874,Medium,0.044,False,False,False
HKH-10548,Lake HKH-10548,tista,27.839,88.875,Tista,Changme,0.007,5149,M(o),0.97,0.4858,,0.4858,Medium,0.124,False,False,False
HKH-20725,Lake HKH-20725,tista,28.017,88.708,Tista,Zemu,0.005,5198,M(e),1.81,0.4837,,0.4837,Medium,0.073,False,False,False
HKH-08674,Lake HKH-08674,tista,27.991,88.603,Tista,Zemu,0.112,4776,E(c),1.52,0.4769,,0.4769,Medium,0.112,False,False,False
HKH-08264,Lake HKH-08264,tista,27.785,88.342,Tista,Zemu,0.032,5101,M(o),0.52,0.4748,,0.4748,Medium,0.219,False,False,False
HKH-09726,Lake HKH-09726,tista,27.979,88.351,Tista,Zemu,0.005,5373,M(o),0.68,0.4739,,0.4739,Medium,0.088,False,False,False
HKH-09158,Lake HKH-09158,tista,27.956,88.358,Tista,Zemu,0.183,4984,M(e),2.9,0.4706,,0.4706,Medium,0.332,False,False,False
HKH-07831,Lake HKH-07831,tista,27.951,88.714,Tista,Changme,0.006,5075,M(o),0.62,0.4657,,0.4657,Medium,0.052,False,False,False
HKH-09714,Lake HKH-09714,tista,27.858,88.822,Tista,Changme,0.006,4634,M(o),0.37,0.4611,,0.4611,Medium,0.412,False,False,False
HKH-08496,Lake HKH-08496,tista,27.881,88.792,Tista,Changme,0.011,5218,M(o),0.24,0.4594,,0.4594,Medium,0.162,False,False,False
HKH-07706,Lake HKH-07706,tista,27.852,88.872,Tista,Changme,0.02,4945,M(o),0.72,0.4533,,0.4533,Medium,0.219,False,True,False
HKH-09815,Lake HKH-09815,tista,27.831,88.848,Tista,Changme,0.035,4783,M(o),1.17,0.4494,,0.4494,Medium,0.016,False,False,False
HKH-09347,Lake HKH-09347,tista,27.922,88.17,Tista,Zemu,0.013,5445,M(o),0.25,0.4485,,0.4485,Medium,0.397,False,False,False
HKH-10378,Lake HKH-10378,tista,27.966,88.322,Tista,Zemu,0.007,5104,M(o),1.13,0.4462,,0.4462,Medium,0.111,False,False,False
HKH-09566,Lake HKH-09566,tista,27.876,88.798,Tista,Changme,0.007,5217,M(o),0.35,0.4436,,0.4436,Medium,0.08,False,False,False
HKH-10135,Lake HKH-10135,tista,27.788,88.343,Tista,Zemu,0.029,5104,M(o),0.23,0.4425,,0.4425,Medium,0.195,False,False,False
HKH-08329,Lake HKH-08329,tista,28.002,88.735,Tista,Zemu,0.025,5372,M(o),1.36,0.4423,,0.4423,Medium,0.101,False,False,False
HKH-09697,Lake HKH-09697,tista,27.918,88.771,Tista,Changme,0.007,5326,M(o),0.2,0.4404,,0.4404,Medium,0.156,False,True,False
HKH-09925,Lake HKH-09925,tista,27.886,88.265,Tista,Zemu,0.103,5113,M(e),2.17,0.4389,,0.4389,Medium,0.335,False,False,False
HKH-08878,Lake HKH-08878,tista,27.957,88.79,Tista,Changme,0.012,5296,M(o),0.61,0.438,,0.438,Medium,0.118,False,False,False
HKH-07802,Lake HKH-07802,tista,27.979,88.411,Tista,Zemu,0.008,5351,M(o),0.31,0.4359,,0.4359,Medium,0.487,False,False,False
HKH-07811,Lake HKH-07811,tista,27.835,88.257,Tista,Zemu,0.02,5585,M(o),0.93,0.4339,,0.4339,Medium,0.452,False,False,False
HKH-07839,Lake HKH-07839,tista,27.797,88.801,Tista,Changme,0.106,4776,E(c),0.82,0.4321,,0.4321,Medium,0.11,False,False,False
HKH-10182,Lake HKH-10182,tista,27.996,88.431,Tista,Zemu,0.014,5147,M(o),1.08,0.4301,,0.4301,Medium,0.078,False,False,False
HKH-07849,Lake HKH-07849,tista,27.852,88.803,Tista,Changme,0.011,5048,M(o),0.98,0.4288,,0.4288,Medium,0.181,False,False,False
HKH-07788,Lake HKH-07788,tista,27.562,88.187,Tista,East Rathong,0.017,4301,M(o),1.14,0.4276,,0.4276,Medium,0.265,False,False,False
HKH-08245,Lake HKH-08245,tista,27.97,88.373,Tista,Zemu,0.032,5063,M(o),1.56,0.4263,,0.4263,Medium,0.024,False,False,False
HKH-09819,Lake HKH-09819,tista,27.969,88.629,Tista,Zemu,0.005,5140,M(o),0.2,0.4179,,0.4179,Medium,0.119,False,False,False
HKH-09727,Lake HKH-09727,tista,27.621,88.193,Tista,Talung,0.014,4694,M(o),0.28,0.4165,,0.4165,Medium,0.099,False,True,False
HKH-09373,Lake HKH-09373,tista,27.859,88.237,Tista,Zemu,0.006,5423,M(o),0.54,0.4165,,0.4165,Medium,0.308,False,True,False
HKH-07891,Lake HKH-07891,tista,27.999,88.719,Tista,Zemu,0.011,5329,M(o),0.01,0.4151,,0.4151,Medium,0.198,False,False,False
HKH-10585,Lake HKH-10585,tista,27.869,88.845,Tista,Changme,0.008,5068,M(o),0.36,0.4148,,0.4148,Medium,0.118,False,False,False
HKH-07762,Lake HKH-07762,tista,27.951,88.31,Tista,Zemu,0.009,5142,M(o),1.63,0.4105,,0.4105,Medium,0.04,False,False,False
HKH-08091,Lake HKH-08091,tista,27.996,88.557,Tista,Zemu,0.036,5160,M(o),1.57,0.4091,,0.4091,Medium,0.05,False,False,False
HKH-09958,Lake HKH-09958,tista,27.892,88.261,Tista,Zemu,0.061,5109,M(o),2.03,0.4076,,0.4076,Medium,0.231,False,False,False
HKH-08898,Lake HKH-08898,tista,27.752,88.692,Tista,Changme,0.08,4788,E(c),1.66,0.4051,,0.4051,Medium,0.071,False,False,False
HKH-09802,Lake HKH-09802,tista,27.62,88.191,Tista,Talung,0.006,4694,M(o),0.45,0.405,,0.405,Medium,0.193,False,True,False
HKH-07671,Lake HKH-07671,tista,27.995,88.763,Tista,Zemu,0.042,5166,M(o),1.42,0.4039,,0.4039,Medium,0.051,False,False,False
HKH-10215,Lake HKH-10215,tista,28.008,88.738,Tista,Zemu,0.042,5245,M(o),1.69,0.4038,,0.4038,Medium,0.072,False,False,False
HKH-09421,Lake HKH-09421,tista,27.908,88.466,Tista,Zemu,0.03,5014,E(c),0.69,0.4009,,0.4009,Medium,0.019,False,False,False
HKH-10496,Lake HKH-10496,tista,27.932,88.284,Tista,Zemu,0.01,5321,M(o),1.06,0.4003,,0.4003,Medium,0.095,False,True,False
HKH-11457,Lake HKH-11457,tista,27.851,88.871,Tista,Changme,0.004,4949,M(o),0.83,0.3998,,0.3998,Medium,0.194,False,True,False
HKH-08741,Lake HKH-08741,tista,27.871,88.847,Tista,Changme,0.004,5145,M(o),0.12,0.3925,,0.3925,Medium,0.148,False,True,False
HKH-10460,Lake HKH-10460,tista,27.916,88.767,Tista,Changme,0.007,5307,M(o),0.7,0.3906,,0.3906,Medium,0.08,False,False,False
HKH-10295,Lake HKH-10295,tista,27.92,88.314,Tista,Zemu,0.103,5111,E(c),1.92,0.3903,,0.3903,Medium,0.092,False,False,False
HKH-08816,Lake HKH-08816,tista,27.912,88.773,Tista,Changme,0.004,5404,M(o),0.25,0.3903,,0.3903,Medium,0.14,False,True,False
HKH-20731,Lake HKH-20731,tista,27.746,88.389,Tista,Zemu,0.061,4857,E(o),1.25,0.389,,0.389,Medium,0.391,False,False,False
HKH-10033,Lake HKH-10033,tista,28.006,88.742,Tista,Zemu,0.005,5219,M(o),1.33,0.3855,,0.3855,Medium,0.162,False,False,False
HKH-09258,Lake HKH-09258,tista,27.958,88.388,Tista,Zemu,0.05,5134,M(o),1.74,0.3839,,0.3839,Medium,0.05,False,False,False
HKH-07812,Lake HKH-07812,tista,28.039,88.574,Tista,Zemu,0.054,5184,M(e),2.6,0.3835,,0.3835,Medium,0.191,False,False,False
HKH-09246,Lake HKH-09246,tista,27.948,88.72,Tista,Changme,0.01,5307,E(o),1.02,0.383,,0.383,Medium,0.093,False,False,False
HKH-11433,Lake HKH-11433,tista,27.723,88.69,Tista,Zemu,0.113,4472,E(c),1.05,0.3821,,0.3821,Medium,0.14,False,False,False
HKH-07731,Lake HKH-07731,tista,27.869,88.853,Tista,Changme,0.013,5075,M(o),0.67,0.3778,,0.3778,Medium,0.128,False,True,False
HKH-07702,Lake HKH-07702,tista,27.843,88.803,Tista,Changme,0.027,4936,E(c),1.47,0.3732,,0.3732,Medium,0.177,False,False,False
HKH-08754,Lake HKH-08754,tista,27.914,88.772,Tista,Changme,0.004,5380,M(o),0.28,0.3706,,0.3706,Medium,0.105,False,True,False
HKH-08941,Lake HKH-08941,tista,27.495,88.234,Tista,East Rathong,0.033,4599,M(o),1.14,0.3677,,0.3677,Medium,0.048,False,False,False
HKH-08424,Lake HKH-08424,tista,28.012,88.756,Tista,Zemu,1.055,5093,M(o),2.01,0.367,,0.367,Medium,0.883,True,False,False
HKH-08938,Lake HKH-08938,tista,27.912,88.779,Tista,Changme,0.007,5452,M(o),0.12,0.3632,,0.3632,Medium,0.205,False,True,False
HKH-20893,Lake HKH-20893,tista,27.851,88.509,Tista,Zemu,0.041,4850,E(c),1.1,0.3623,,0.3623,Medium,0.04,False,False,False
HKH-07395,Lake HKH-07395,tista,27.939,88.272,Tista,Zemu,0.011,5152,M(o),0.9,0.3614,,0.3614,Medium,0.0,False,True,False
HKH-09809,Lake HKH-09809,tista,27.827,88.851,Tista,Changme,0.018,4792,M(o),0.94,0.3582,,0.3582,Medium,0.047,False,False,False
HKH-08784,Lake HKH-08784,tista,27.774,88.85,Tista,Changme,0.05,4825,E(c),1.45,0.3581,,0.3581,Medium,0.086,False,False,False
HKH-09422,Lake HKH-09422,tista,27.955,88.399,Tista,Zemu,0.04,5056,M(o),1.28,0.3529,,0.3529,Medium,0.06,False,False,False
HKH-08451,Lake HKH-08451,tista,27.861,88.237,Tista,Zemu,0.008,5415,M(o),0.4,0.3512,,0.3512,Medium,0.245,False,True,False
HKH-09074,Lake HKH-09074,tista,27.972,88.725,Tista,Changme,0.017,5250,M(o),0.24,0.3476,,0.3476,Low,0.177,False,False,False
HKH-10050,Lake HKH-10050,tista,27.825,88.796,Tista,Changme,0.025,4672,M(o),1.41,0.3448,,0.3448,Low,0.179,False,False,False
HKH-07968,Lake HKH-07968,tista,27.972,88.358,Tista,Zemu,0.029,5130,E(c),1.43,0.3432,,0.3432,Low,0.04,False,False,False
HKH-09267,Lake HKH-09267,tista,27.969,88.742,Tista,Changme,0.021,5087,M(o),1.55,0.342,,0.342,Low,0.05,False,False,False
HKH-08828,Lake HKH-08828,tista,27.965,88.349,Tista,Zemu,0.041,5191,M(o),1.97,0.3346,,0.3346,Low,0.124,False,False,False
HKH-20892,Lake HKH-20892,tista,27.851,88.505,Tista,Zemu,0.056,4846,E(c),0.72,0.3323,,0.3323,Low,0.129,False,False,False
HKH-10084,Lake HKH-10084,tista,27.879,88.265,Tista,Zemu,0.032,5157,M(o),2.04,0.3309,,0.3309,Low,0.247,False,False,False
HKH-10469,Lake HKH-10469,tista,27.97,88.477,Tista,Zemu,0.011,4943,E(o),1.14,0.327,,0.327,Low,0.093,False,False,False
HKH-20932,Lake HKH-20932,tista,27.837,88.866,Tista,Changme,0.014,4963,M(o),1.67,0.3232,,0.3232,Low,0.122,False,False,False
HKH-07655,Lake HKH-07655,tista,27.95,88.353,Tista,Zemu,0.109,4988,M(e),3.37,0.3215,,0.3215,Low,0.224,False,False,False
HKH-09786,Lake HKH-09786,tista,27.814,88.27,Tista,Zemu,0.017,5665,M(o),0.11,0.3173,,0.3173,Low,0.415,False,False,False
HKH-09755,Lake HKH-09755,tista,27.996,88.498,Tista,Zemu,0.031,5193,E(o),1.21,0.3157,,0.3157,Low,0.053,False,True,False
HKH-09764,Lake HKH-09764,tista,27.844,88.262,Tista,Zemu,0.016,5314,M(o),1.85,0.3146,,0.3146,Low,0.434,False,False,False
HKH-11435,Lake HKH-11435,tista,27.732,88.711,Tista,Changme,0.014,4813,E(c),0.78,0.31,,0.31,Low,0.093,False,False,False
HKH-07806,Lake HKH-07806,tista,27.96,88.336,Tista,Zemu,0.01,5194,M(o),1.64,0.304,,0.304,Low,0.022,False,False,False
HKH-10083,Lake HKH-10083,tista,27.961,88.433,Tista,Zemu,0.01,5076,M(o),2.08,0.3025,,0.3025,Low,0.098,False,False,False
HKH-09116,Lake HKH-09116,tista,27.903,88.615,Tista,Zemu,0.042,4874,E(o),0.58,0.3007,,0.3007,Low,0.086,False,False,False
HKH-11441,Lake HKH-11441,tista,27.882,88.619,Tista,Zemu,0.006,5241,M(o),0.04,0.2983,,0.2983,Low,0.215,False,False,False
HKH-09536,Lake HKH-09536,tista,27.973,88.755,Tista,Changme,0.016,5225,E(o),1.06,0.2842,,0.2842,Low,0.021,False,False,False
HKH-10261,Lake HKH-10261,tista,27.973,88.439,Tista,Zemu,0.093,5065,M(o),2.33,0.2826,,0.2826,Low,0.375,False,False,False
HKH-07815,Lake HKH-07815,tista,27.823,88.784,Tista,Changme,0.006,4910,E(o),0.98,0.2738,,0.2738,Low,0.065,False,False,False
HKH-20894,Lake HKH-20894,tista,27.845,88.507,Tista,Zemu,0.047,4691,E(c),1.29,0.2729,,0.2729,Low,0.051,False,False,False
HKH-20736,Lake HKH-20736,tista,27.966,88.743,Tista,Changme,0.009,5067,M(o),1.76,0.2706,,0.2706,Low,0.208,False,False,False
HKH-09014,Lake HKH-09014,tista,28.008,88.572,Tista,Zemu,0.253,4998,M(e),2.38,0.2681,,0.2681,Low,0.363,False,True,False
HKH-20895,Lake HKH-20895,tista,27.85,88.501,Tista,Zemu,0.023,4887,E(c),0.52,0.2651,,0.2651,Low,0.125,False,False,False
HKH-20729,Lake HKH-20729,tista,27.759,88.484,Tista,Zemu,0.141,4467,E(o),0.61,0.2633,,0.2633,Low,0.164,False,False,False
HKH-09756,Lake HKH-09756,tista,27.978,88.778,Tista,Changme,0.005,5421,E(o),0.62,0.2631,,0.2631,Low,0.189,False,False,False
HKH-20883,Lake HKH-20883,tista,27.752,88.708,Tista,Changme,0.044,4357,M(o),1.15,0.2589,,0.2589,Low,0.148,False,False,False
HKH-10238,Lake HKH-10238,tista,27.727,88.228,Tista,Zemu,0.004,5078,I(s),0.0,0.2543,,0.2543,Low,0.469,False,False,False
HKH-11434,Lake HKH-11434,tista,27.742,88.692,Tista,Zemu,0.021,4669,E(c),1.23,0.2541,,0.2541,Low,0.046,False,False,False
HKH-08538,Lake HKH-08538,tista,27.755,88.336,Tista,Zemu,0.018,4523,I(s),0.0,0.2488,,0.2488,Low,0.293,False,False,False
HKH-09400,Lake HKH-09400,tista,27.762,88.329,Tista,Zemu,0.004,4576,I(s),0.0,0.2477,,0.2477,Low,0.341,False,False,False
HKH-20908,Lake HKH-20908,tista,27.922,88.461,Tista,Zemu,0.017,5119,E(o),0.32,0.2458,,0.2458,Low,0.081,False,False,False
HKH-07920,Lake HKH-07920,tista,27.759,88.339,Tista,Zemu,0.008,4519,I(s),0.0,0.2452,,0.2452,Low,0.341,False,False,False
HKH-09752,Lake HKH-09752,tista,27.478,88.775,Tista,Tista,0.101,4628,E(c),1.85,0.2396,,0.2396,Low,0.112,False,False,False
HKH-09270,Lake HKH-09270,tista,27.761,88.35,Tista,Zemu,0.015,4474,I(s),0.0,0.2396,,0.2396,Low,0.307,False,False,False
HKH-09446,Lake HKH-09446,tista,27.944,88.714,Tista,Changme,0.004,5267,E(o),0.93,0.2311,,0.2311,Low,0.062,False,False,False
HKH-09182,Lake HKH-09182,tista,27.674,88.833,Tista,Changme,0.064,4600,E(c),1.85,0.2261,,0.2261,Low,0.117,False,False,False
HKH-11421,Lake HKH-11421,tista,27.765,88.347,Tista,Zemu,0.014,4477,I(s),0.0,0.2252,,0.2252,Low,0.389,False,False,False
HKH-07540,Lake HKH-07540,tista,27.864,88.803,Tista,Changme,0.027,5076,E(o),0.63,0.2245,,0.2245,Low,0.046,False,False,False
HKH-09457,Lake HKH-09457,tista,27.946,88.322,Tista,Zemu,0.014,5130,M(o),2.58,0.21,,0.21,Low,0.305,False,False,False
HKH-08880,Lake HKH-08880,tista,27.924,88.616,Tista,Zemu,0.055,4771,E(c),2.43,0.2045,,0.2045,Low,0.088,False,False,False
HKH-10010,Lake HKH-10010,tista,27.743,88.243,Tista,Zemu,0.004,4966,I(s),0.0,0.1956,,0.1956,Low,0.224,False,False,False
HKH-20730,Lake HKH-20730,tista,27.785,88.407,Tista,Zemu,0.007,4860,E(o),1.33,0.1949,,0.1949,Low,0.192,False,False,False
HKH-08848,Lake HKH-08848,tista,27.962,88.768,Tista,Changme,0.038,5206,E(o),2.44,0.192,,0.192,Low,0.349,False,False,False
HKH-08680,Lake HKH-08680,tista,27.943,88.35,Tista,Zemu,0.038,4990,M(o),3.78,0.1917,,0.1917,Low,0.15,False,False,False
HKH-10368,Lake HKH-10368,tista,27.764,88.357,Tista,Zemu,0.014,4439,I(s),0.0,0.1915,,0.1915,Low,0.515,False,False,False
HKH-08641,Lake HKH-08641,tista,27.919,88.621,Tista,Zemu,0.014,4867,E(o),1.81,0.1912,,0.1912,Low,0.097,False,False,False
HKH-08787,Lake HKH-08787,tista,27.695,88.716,Tista,Changme,0.087,4202,E(c),1.73,0.1904,,0.1904,Low,0.197,False,False,False
HKH-07539,Lake HKH-07539,tista,27.969,88.761,Tista,Changme,0.012,5410,E(o),1.78,0.1885,,0.1885,Low,0.192,False,False,False
HKH-08294,Lake HKH-08294,tista,27.765,88.245,Tista,Zemu,0.005,4979,I(s),0.0,0.1876,,0.1876,Low,0.384,False,False,False
HKH-08564,Lake HKH-08564,tista,27.94,88.729,Tista,Changme,0.005,5375,E(o),1.17,0.1874,,0.1874,Low,0.156,False,False,False
HKH-09050,Lake HKH-09050,tista,27.94,88.35,Tista,Zemu,0.022,4991,M(o),4.01,0.182,,0.182,Low,0.134,False,False,False
HKH-10262,Lake HKH-10262,tista,27.761,88.336,Tista,Zemu,0.01,4534,I(s),0.0,0.1801,,0.1801,Low,0.452,False,False,False
HKH-20735,Lake HKH-20735,tista,27.956,88.51,Tista,Zemu,0.023,4808,E(o),2.14,0.174,,0.174,Low,0.038,False,False,False
HKH-09821,Lake HKH-09821,tista,27.7,88.476,Tista,Talung,0.01,4549,E(o),1.96,0.1716,,0.1716,Low,0.198,False,False,False
HKH-11442,Lake HKH-11442,tista,27.946,88.521,Tista,Zemu,0.01,4908,E(o),1.85,0.1703,,0.1703,Low,0.092,False,False,False
HKH-08325,Lake HKH-08325,tista,27.76,88.309,Tista,Zemu,0.004,4673,I(s),0.0,0.1687,,0.1687,Low,0.419,False,False,False
HKH-10401,Lake HKH-10401,tista,27.764,88.305,Tista,Zemu,0.02,4679,I(s),0.0,0.1621,,0.1621,Low,0.337,False,False,False
HKH-07622,Lake HKH-07622,tista,27.945,88.732,Tista,Changme,0.004,5297,E(o),1.7,0.1569,,0.1569,Low,0.152,False,False,False
HKH-11420,Lake HKH-11420,tista,27.787,88.413,Tista,Zemu,0.036,4721,E(o),2.0,0.1558,,0.1558,Low,0.301,False,False,False
HKH-20884,Lake HKH-20884,tista,27.762,88.7,Tista,Changme,0.009,4844,E(c),2.02,0.1553,,0.1553,Low,0.308,False,False,False
HKH-11422,Lake HKH-11422,tista,27.734,88.242,Tista,Zemu,0.019,4999,I(s),0.0,0.1543,,0.1543,Low,0.405,False,False,False
HKH-08399,Lake HKH-08399,tista,27.827,88.84,Tista,Changme,0.013,5063,E(o),0.71,0.1541,,0.1541,Low,0.022,False,False,False
HKH-10485,Lake HKH-10485,tista,27.758,88.265,Tista,Zemu,0.005,4859,I(s),0.0,0.1528,,0.1528,Low,0.365,False,False,False
HKH-09156,Lake HKH-09156,tista,27.971,88.593,Tista,Zemu,0.11,4744,E(c),3.28,0.1518,,0.1518,Low,0.25,False,False,False
HKH-09235,Lake HKH-09235,tista,27.748,88.25,Tista,Zemu,0.014,4923,I(s),0.0,0.1485,,0.1485,Low,0.276,False,False,False
HKH-09458,Lake HKH-09458,tista,27.755,88.253,Tista,Zemu,0.007,4865,I(s),0.0,0.1429,,0.1429,Low,0.3,False,False,False
HKH-07449,Lake HKH-07449,tista,27.987,88.484,Tista,Zemu,0.008,5057,E(o),1.34,0.1371,,0.1371,Low,0.047,False,False,False
HKH-10513,Lake HKH-10513,tista,27.759,88.264,Tista,Zemu,0.012,4859,I(s),0.0,0.1368,,0.1368,Low,0.274,False,False,False
HKH-09418,Lake HKH-09418,tista,27.508,88.199,Tista,East Rathong,0.032,4211,E(o),1.95,0.1355,,0.1355,Low,0.467,False,False,False
HKH-09488,Lake HKH-09488,tista,27.965,88.769,Tista,Changme,0.014,5209,E(o),2.22,0.1353,,0.1353,Low,0.295,False,False,False
HKH-20880,Lake HKH-20880,tista,27.746,88.681,Tista,Zemu,0.071,4747,E(c),2.58,0.1331,,0.1331,Low,0.088,False,False,False
HKH-08459,Lake HKH-08459,tista,27.723,88.453,Tista,Talung,0.174,4190,E(c),2.15,0.1273,,0.1273,Low,0.328,False,False,False
HKH-09224,Lake HKH-09224,tista,27.975,88.766,Tista,Changme,0.017,5333,E(o),1.92,0.126,,0.126,Low,0.118,False,False,False
HKH-08667,Lake HKH-08667,tista,27.825,88.42,Tista,Zemu,0.064,5023,E(c),2.35,0.1252,,0.1252,Low,0.113,False,False,False
HKH-20902,Lake HKH-20902,tista,27.858,88.478,Tista,Zemu,0.008,4893,E(o),1.4,0.1249,,0.1249,Low,0.124,False,False,False
HKH-11425,Lake HKH-11425,tista,27.683,88.503,Tista,Talung,0.006,4501,E(c),2.99,0.1215,,0.1215,Low,0.215,False,False,False
HKH-08115,Lake HKH-08115,tista,27.688,88.807,Tista,Changme,0.049,4691,E(o),1.4,0.1201,,0.1201,Low,0.103,False,False,False
HKH-10427,Lake HKH-10427,tista,27.496,88.094,Tista,East Rathong,0.012,4722,E(o),3.57,0.117,,0.117,Low,0.116,False,False,False
HKH-09044,Lake HKH-09044,tista,27.683,88.809,Tista,Changme,0.057,4461,E(c),1.88,0.1135,,0.1135,Low,0.231,False,False,False
HKH-10265,Lake HKH-10265,tista,27.76,88.289,Tista,Zemu,0.011,4771,I(s),0.0,0.1134,,0.1134,Low,0.32,False,False,False
HKH-09097,Lake HKH-09097,tista,27.994,88.494,Tista,Zemu,0.012,5128,E(o),1.1,0.1128,,0.1128,Low,0.056,False,True,False
HKH-09157,Lake HKH-09157,tista,27.672,88.513,Tista,Talung,0.338,4525,E(c),4.4,0.1066,,0.1066,Low,0.666,True,False,False
HKH-11428,Lake HKH-11428,tista,27.502,88.072,Tista,East Rathong,0.005,4672,E(o),2.52,0.1032,,0.1032,Low,0.152,False,False,False
HKH-08476,Lake HKH-08476,tista,27.501,88.055,Tista,East Rathong,0.047,4821,E(c),2.49,0.1003,,0.1003,Low,0.072,False,False,False
HKH-09043,Lake HKH-09043,tista,27.669,88.836,Tista,Changme,0.005,4674,E(o),1.52,0.0939,,0.0939,Low,0.104,False,False,False
HKH-20907,Lake HKH-20907,tista,27.903,88.473,Tista,Zemu,0.01,4742,E(o),1.43,0.092,,0.092,Low,0.105,False,False,False
HKH-08257,Lake HKH-08257,tista,27.693,88.808,Tista,Changme,0.009,4819,E(o),1.22,0.0918,,0.0918,Low,0.113,False,False,False
HKH-08488,Lake HKH-08488,tista,27.732,88.675,Tista,Zemu,0.03,4606,E(c),3.0,0.0908,,0.0908,Low,0.206,False,False,False
HKH-07906,Lake HKH-07906,tista,28.031,88.486,Tista,Zemu,0.045,5234,E(o),3.74,0.0906,,0.0906,Low,0.323,False,False,False
HKH-08572,Lake HKH-08572,tista,27.5,88.076,Tista,East Rathong,0.021,4717,E(o),2.91,0.0906,,0.0906,Low,0.08,False,False,False
HKH-20901,Lake HKH-20901,tista,27.855,88.478,Tista,Zemu,0.009,4881,E(o),1.68,0.0875,,0.0875,Low,0.131,False,False,False
HKH-11426,Lake HKH-11426,tista,27.682,88.501,Tista,Talung,0.009,4496,E(c),3.01,0.0853,,0.0853,Low,0.148,False,False,False
HKH-09046,Lake HKH-09046,tista,27.964,88.591,Tista,Zemu,0.014,4816,E(o),3.73,0.0799,,0.0799,Low,0.272,False,False,False
HKH-07808,Lake HKH-07808,tista,27.828,88.412,Tista,Zemu,0.051,5057,E(o),1.81,0.0774,,0.0774,Low,0.054,False,False,False
HKH-20933,Lake HKH-20933,tista,27.788,88.687,Tista,Changme,0.01,4610,E(c),2.98,0.076,,0.076,Low,0.065,False,False,False
HKH-09575,Lake HKH-09575,tista,27.679,88.5,Tista,Talung,0.039,4441,E(c),3.25,0.062,,0.062,Low,0.136,False,False,False
HKH-09419,Lake HKH-09419,tista,27.691,88.811,Tista,Changme,0.011,4669,E(o),1.62,0.061,,0.061,Low,0.031,False,False,False
HKH-10584,Lake HKH-10584,tista,27.669,88.497,Tista,Talung,0.067,4083,E(c),4.12,0.0603,,0.0603,Low,0.251,False,False,False
HKH-09787,Lake HKH-09787,tista,27.662,88.69,Tista,Changme,0.178,4279,E(c),4.86,0.0582,,0.0582,Low,0.307,False,False,False
HKH-11424,Lake HKH-11424,tista,27.681,88.504,Tista,Talung,0.022,4464,E(c),3.21,0.0572,,0.0572,Low,0.084,False,False,False
HKH-20904,Lake HKH-20904,tista,27.88,88.457,Tista,Zemu,0.01,5069,E(o),2.33,0.0558,,0.0558,Low,0.222,False,False,False
HKH-09403,Lake HKH-09403,tista,27.926,88.604,Tista,Zemu,0.024,4707,E(o),3.04,0.0512,,0.0512,Low,0.076,False,False,False
HKH-08237,Lake HKH-08237,tista,27.488,88.213,Tista,East Rathong,0.085,4233,E(o),2.21,0.0501,,0.0501,Low,0.294,False,False,False
HKH-09471,Lake HKH-09471,tista,27.467,88.75,Tista,Tista,0.2,4045,E(c),4.91,0.0481,,0.0481,Low,0.399,False,False,False
HKH-11432,Lake HKH-11432,tista,27.729,88.684,Tista,Zemu,0.031,4339,E(o),1.95,0.0466,,0.0466,Low,0.116,False,False,False
HKH-11416,Lake HKH-11416,tista,28.031,88.784,Tista,Zemu,0.01,5277,O,3.93,0.0464,,0.0464,Low,0.589,True,False,False
HKH-08485,Lake HKH-08485,tista,27.375,88.763,Tista,Tista,0.267,3744,E(o),11.01,0.0464,,0.0464,Low,0.712,True,False,False
HKH-20733,Lake HKH-20733,tista,27.768,88.647,Tista,Zemu,0.01,4415,E(c),3.7,0.0462,,0.0462,Low,0.196,False,False,False
HKH-09700,Lake HKH-09700,tista,27.669,88.686,Tista,Zemu,0.081,4115,E(c),4.43,0.0416,,0.0416,Low,0.28,False,False,False
HKH-11440,Lake HKH-11440,tista,27.883,88.583,Tista,Zemu,0.014,4487,E(o),2.54,0.0405,,0.0405,Low,0.079,False,False,False
HKH-08415,Lake HKH-08415,tista,27.516,88.33,Tista,East Rathong,0.008,3733,E(o),4.41,0.0397,,0.0397,Low,0.616,True,False,False
HKH-11439,Lake HKH-11439,tista,27.794,88.601,Tista,Zemu,0.014,4438,E(c),2.59,0.0395,,0.0395,Low,0.079,False,False,False
HKH-20888,Lake HKH-20888,tista,27.701,88.514,Tista,Zemu,0.07,4484,E(o),2.33,0.0378,,0.0378,Low,0.106,False,False,False
HKH-20889,Lake HKH-20889,tista,27.703,88.513,Tista,Zemu,0.009,4499,E(o),2.13,0.0375,,0.0375,Low,0.105,False,False,False
HKH-07764,Lake HKH-07764,tista,27.686,88.532,Tista,Zemu,0.045,4087,E(c),4.87,0.0364,,0.0364,Low,0.223,False,False,False
HKH-20732,Lake HKH-20732,tista,27.745,88.433,Tista,Zemu,0.045,4495,E(o),2.33,0.033,,0.033,Low,0.123,False,False,False
HKH-08566,Lake HKH-08566,tista,28.007,88.457,Tista,Zemu,0.023,5045,E(o),2.1,0.0318,,0.0318,Low,0.046,False,False,False
HKH-07871,Lake HKH-07871,tista,27.517,88.363,Tista,Talung,0.004,4174,E(o),8.3,0.0309,,0.0309,Low,0.475,False,False,False
HKH-08705,Lake HKH-08705,tista,27.613,88.804,Tista,Changme,0.025,4837,E(o),5.91,0.0296,,0.0296,Low,0.383,False,False,False
HKH-09506,Lake HKH-09506,tista,27.918,88.489,Tista,Zemu,0.023,4720,E(o),2.58,0.0279,,0.0279,Low,0.105,False,False,False
HKH-20896,Lake HKH-20896,tista,27.833,88.502,Tista,Zemu,0.016,4989,E(o),2.04,0.0265,,0.0265,Low,0.061,False,False,False
HKH-20881,Lake HKH-20881,tista,27.704,88.649,Tista,Zemu,0.029,4357,E(c),5.79,0.0241,,0.0241,Low,0.205,False,False,False
HKH-10484,Lake HKH-10484,tista,27.407,88.791,Tista,Tista,0.016,4210,E(c),7.58,0.0235,,0.0235,Low,0.434,False,False,False
HKH-09138,Lake HKH-09138,tista,27.485,88.217,Tista,East Rathong,0.017,4251,E(o),2.42,0.0213,,0.0213,Low,0.167,False,False,False
HKH-20898,Lake HKH-20898,tista,27.788,88.522,Tista,Zemu,0.007,4429,E(o),4.71,0.0207,,0.0207,Low,0.373,False,False,False
HKH-08533,Lake HKH-08533,tista,27.9,88.314,Tista,Zemu,0.005,5237,E(o),2.9,0.0202,,0.0202,Low,0.141,False,False,False
HKH-10300,Lake HKH-10300,tista,27.438,88.083,Tista,East Rathong,0.137,4280,E(c),8.55,0.02,,0.02,Low,0.358,False,False,False
HKH-11429,Lake HKH-11429,tista,27.757,88.606,Tista,Zemu,0.054,4423,E(c),5.15,0.0197,,0.0197,Low,0.313,False,False,False
HKH-09090,Lake HKH-09090,tista,27.387,88.801,Tista,Tista,0.086,4036,E(c),9.52,0.0196,,0.0196,Low,0.428,False,False,False
HKH-20905,Lake HKH-20905,tista,27.877,88.455,Tista,Zemu,0.007,4951,E(o),2.57,0.0194,,0.0194,Low,0.057,False,False,False
HKH-08315,Lake HKH-08315,tista,27.73,88.833,Tista,Changme,0.16,4440,E(o),3.52,0.0194,,0.0194,Low,0.223,False,False,False
HKH-10235,Lake HKH-10235,tista,27.743,88.834,Tista,Changme,0.027,4822,E(o),2.84,0.0192,,0.0192,Low,0.071,False,False,False
HKH-08694,Lake HKH-08694,tista,27.675,88.495,Tista,Talung,0.03,4352,E(o),3.55,0.0191,,0.0191,Low,0.254,False,False,False
HKH-09042,Lake HKH-09042,tista,27.434,88.77,Tista,Tista,0.067,3943,E(c),5.55,0.0191,,0.0191,Low,0.28,False,False,False
HKH-08907,Lake HKH-08907,tista,27.479,88.055,Tista,East Rathong,0.086,4273,E(o),4.47,0.0185,,0.0185,Low,0.207,False,False,False
HKH-08609,Lake HKH-08609,tista,27.777,88.838,Tista,Changme,0.007,4749,E(o),2.63,0.0176,,0.0176,Low,0.101,False,False,False
HKH-10299,Lake HKH-10299,tista,27.452,88.07,Tista,East Rathong,0.01,4300,E(o),6.95,0.0174,,0.0174,Low,0.299,False,False,False
HKH-09604,Lake HKH-09604,tista,27.82,88.415,Tista,Zemu,0.038,4902,E(o),2.6,0.0168,,0.0168,Low,0.064,False,False,False
HKH-08646,Lake HKH-08646,tista,27.793,88.845,Tista,Changme,0.027,4751,E(o),2.11,0.0166,,0.0166,Low,0.081,False,False,False
HKH-09807,Lake HKH-09807,tista,28.059,88.631,Tista,Zemu,0.035,4917,E(o),5.3,0.016,,0.016,Low,0.665,True,False,False
HKH-09597,Lake HKH-09597,tista,27.904,88.45,Tista,Zemu,0.015,4756,E(o),2.1,0.0158,,0.0158,Low,0.038,False,False,False
HKH-20882,Lake HKH-20882,tista,27.72,88.676,Tista,Zemu,0.008,4282,E(o),2.53,0.0154,,0.0154,Low,0.197,False,False,False
HKH-08642,Lake HKH-08642,tista,27.398,88.812,Tista,Tista,0.014,4260,E(c),8.78,0.0153,,0.0153,Low,0.352,False,False,False
HKH-10520,Lake HKH-10520,tista,27.491,88.051,Tista,East Rathong,0.014,4461,E(o),3.52,0.0147,,0.0147,Low,0.198,False,False,False
HKH-11431,Lake HKH-11431,tista,27.723,88.675,Tista,Zemu,0.049,4289,E(o),2.7,0.0133,,0.0133,Low,0.135,False,False,False
HKH-10633,Lake HKH-10633,tista,27.346,88.819,Tista,Tista,0.192,3542,O,13.66,0.0132,,0.0132,Low,0.74,True,False,False
HKH-11452,Lake HKH-11452,tista,27.685,88.812,Tista,Changme,0.008,4500,E(o),2.04,0.0128,,0.0128,Low,0.093,False,False,False
HKH-11430,Lake HKH-11430,tista,27.76,88.625,Tista,Zemu,0.017,4016,E(o),4.53,0.0128,,0.0128,Low,0.248,False,False,False
HKH-20734,Lake HKH-20734,tista,27.883,88.568,Tista,Zemu,0.011,4581,E(o),4.3,0.0126,,0.0126,Low,0.162,False,False,False
HKH-07769,Lake HKH-07769,tista,27.482,88.059,Tista,East Rathong,0.014,4454,E(o),4.13,0.012,,0.012,Low,0.117,False,False,False
HKH-10551,Lake HKH-10551,tista,27.412,88.794,Tista,Tista,0.032,4366,E(c),7.13,0.0115,,0.0115,Low,0.236,False,False,False
HKH-10308,Lake HKH-10308,tista,27.441,88.764,Tista,Tista,0.014,4188,E(c),5.3,0.0114,,0.0114,Low,0.165,False,False,False
HKH-07695,Lake HKH-07695,tista,27.481,88.049,Tista,East Rathong,0.008,4400,E(o),4.47,0.0112,,0.0112,Low,0.141,False,False,False
HKH-08279,Lake HKH-08279,tista,27.38,88.829,Tista,Tista,0.061,4093,E(c),11.04,0.0106,,0.0106,Low,0.318,False,False,False
HKH-20903,Lake HKH-20903,tista,27.881,88.446,Tista,Zemu,0.028,4946,E(o),3.63,0.0104,,0.0104,Low,0.076,False,False,False
HKH-20906,Lake HKH-20906,tista,27.875,88.453,Tista,Zemu,0.01,4951,E(o),2.82,0.0096,,0.0096,Low,0.075,False,False,False
HKH-09142,Lake HKH-09142,tista,27.364,88.854,Tista,Tista,0.016,4264,E(c),13.76,0.0092,,0.0092,Low,0.436,False,False,False
HKH-20885,Lake HKH-20885,tista,27.727,88.604,Tista,Zemu,0.013,4273,E(c),7.89,0.0086,,0.0086,Low,0.21,False,False,False
HKH-20891,Lake HKH-20891,tista,27.808,88.443,Tista,Zemu,0.011,4691,E(o),5.25,0.008,,0.008,Low,0.201,False,False,False
HKH-11449,Lake HKH-11449,tista,27.435,88.771,Tista,Tista,0.011,3946,E(c),5.42,0.0079,,0.0079,Low,0.225,False,False,False
HKH-08714,Lake HKH-08714,tista,27.879,88.446,Tista,Zemu,0.029,4923,E(o),3.63,0.0071,,0.0071,Low,0.125,False,False,False
HKH-10466,Lake HKH-10466,tista,27.412,88.087,Tista,East Rathong,0.004,4192,E(o),11.0,0.0067,,0.0067,Low,0.404,False,False,False
HKH-08099,Lake HKH-08099,tista,27.663,88.666,Tista,Zemu,0.015,3873,E(o),6.1,0.0064,,0.0064,Low,0.392,False,False,False
HKH-09268,Lake HKH-09268,tista,27.43,88.758,Tista,Tista,0.074,4037,E(c),6.54,0.0061,,0.0061,Low,0.223,False,False,False
HKH-10008,Lake HKH-10008,tista,27.897,88.326,Tista,Zemu,0.021,5218,E(o),4.13,0.0058,,0.0058,Low,0.239,False,False,False
HKH-11462,Lake HKH-11462,tista,27.426,88.068,Tista,East Rathong,0.007,4275,E(o),9.33,0.0057,,0.0057,Low,0.225,False,False,False
HKH-08700,Lake HKH-08700,tista,27.428,88.076,Tista,East Rathong,0.024,4352,E(o),9.27,0.0054,,0.0054,Low,0.221,False,False,False
HKH-10458,Lake HKH-10458,tista,27.442,88.752,Tista,Tista,0.095,4051,E(c),6.1,0.0052,,0.0052,Low,0.24,False,False,False
HKH-11436,Lake HKH-11436,tista,27.756,88.647,Tista,Zemu,0.008,4239,E(o),4.71,0.0052,,0.0052,Low,0.207,False,False,False
HKH-07798,Lake HKH-07798,tista,27.428,88.756,Tista,Tista,0.006,4030,E(o),6.82,0.0052,,0.0052,Low,0.41,False,False,False
HKH-08916,Lake HKH-08916,tista,27.895,88.327,Tista,Zemu,0.013,5242,E(o),4.33,0.005,,0.005,Low,0.195,False,False,False
HKH-08400,Lake HKH-08400,tista,27.674,88.691,Tista,Zemu,0.01,4447,E(o),3.77,0.005,,0.005,Low,0.196,False,False,False
HKH-20899,Lake HKH-20899,tista,27.813,88.505,Tista,Zemu,0.011,4759,E(o),3.92,0.0046,,0.0046,Low,0.089,False,False,False
HKH-09335,Lake HKH-09335,tista,27.402,88.769,Tista,Tista,0.081,3970,E(c),8.4,0.0045,,0.0045,Low,0.302,False,False,False
HKH-20897,Lake HKH-20897,tista,27.798,88.523,Tista,Zemu,0.034,4509,E(o),5.49,0.0042,,0.0042,Low,0.149,False,False,False
HKH-08838,Lake HKH-08838,tista,27.396,88.795,Tista,Tista,0.028,4243,E(o),8.62,0.004,,0.004,Low,0.189,False,False,False
HKH-08061,Lake HKH-08061,tista,27.458,88.757,Tista,Tista,0.019,4147,E(o),4.66,0.0038,,0.0038,Low,0.169,False,False,False
HKH-11463,Lake HKH-11463,tista,27.428,88.07,Tista,East Rathong,0.007,4295,E(o),9.17,0.0037,,0.0037,Low,0.222,False,False,False
HKH-08412,Lake HKH-08412,tista,27.402,88.796,Tista,Tista,0.014,4294,E(o),8.07,0.0037,,0.0037,Low,0.195,False,False,False
HKH-07947,Lake HKH-07947,tista,27.81,88.434,Tista,Zemu,0.021,4621,E(o),4.41,0.0037,,0.0037,Low,0.175,False,False,False
HKH-10216,Lake HKH-10216,tista,27.433,88.09,Tista,East Rathong,0.008,4393,E(o),9.26,0.0036,,0.0036,Low,0.339,False,False,False
HKH-10314,Lake HKH-10314,tista,27.449,88.073,Tista,East Rathong,0.012,4412,E(o),7.28,0.0035,,0.0035,Low,0.253,False,False,False
HKH-08988,Lake HKH-08988,tista,27.372,88.846,Tista,Tista,0.054,4038,E(o),12.63,0.0035,,0.0035,Low,0.569,False,False,False
HKH-20900,Lake HKH-20900,tista,27.836,88.462,Tista,Zemu,0.01,4201,E(o),3.93,0.0034,,0.0034,Low,0.136,False,False,False
HKH-08861,Lake HKH-08861,tista,27.424,88.081,Tista,East Rathong,0.028,4313,E(o),9.75,0.0034,,0.0034,Low,0.204,False,False,False
HKH-08448,Lake HKH-08448,tista,27.433,88.79,Tista,Tista,0.038,4458,E(c),5.17,0.0033,,0.0033,Low,0.114,False,False,False
HKH-20890,Lake HKH-20890,tista,27.824,88.453,Tista,Zemu,0.093,4560,E(o),5.39,0.0032,,0.0032,Low,0.268,False,False,False
HKH-09008,Lake HKH-09008,tista,27.904,88.577,Tista,Zemu,0.031,4558,E(o),3.53,0.0031,,0.0031,Low,0.095,False,False,False
HKH-08186,Lake HKH-08186,tista,27.621,88.803,Tista,Changme,0.014,4723,E(o),6.42,0.0028,,0.0028,Low,0.24,False,False,False
HKH-09271,Lake HKH-09271,tista,27.397,88.787,Tista,Tista,0.023,4048,E(o),8.52,0.0023,,0.0023,Low,0.322,False,False,False
HKH-07425,Lake HKH-07425,tista,27.666,88.495,Tista,Talung,0.022,4077,E(o),4.38,0.0023,,0.0023,Low,0.245,False,False,False
HKH-08849,Lake HKH-08849,tista,27.649,88.8,Tista,Changme,0.017,4459,E(o),4.48,0.0021,,0.0021,Low,0.127,False,False,False
HKH-09561,Lake HKH-09561,tista,27.429,88.753,Tista,Tista,0.026,4068,E(o),6.95,0.0021,,0.0021,Low,0.188,False,False,False
HKH-07678,Lake HKH-07678,tista,27.426,88.756,Tista,Tista,0.007,4023,E(o),6.98,0.002,,0.002,Low,0.256,False,False,False
HKH-08508,Lake HKH-08508,tista,27.38,88.825,Tista,Tista,0.016,4088,E(o),10.86,0.002,,0.002,Low,0.392,False,False,False
HKH-07615,Lake HKH-07615,tista,27.404,88.767,Tista,Tista,0.019,3968,E(o),8.29,0.0019,,0.0019,Low,0.275,False,False,False
HKH-07544,Lake HKH-07544,tista,27.427,88.759,Tista,Tista,0.005,4050,E(o),6.72,0.0018,,0.0018,Low,0.227,False,False,False
HKH-10101,Lake HKH-10101,tista,27.409,88.777,Tista,Tista,0.011,3960,E(o),7.55,0.0018,,0.0018,Low,0.249,False,False,False
HKH-20887,Lake HKH-20887,tista,27.752,88.587,Tista,Zemu,0.009,4510,E(o),6.58,0.0017,,0.0017,Low,0.157,False,False,False
HKH-10462,Lake HKH-10462,tista,27.42,88.799,Tista,Tista,0.019,4403,E(o),6.45,0.0015,,0.0015,Low,0.135,False,False,False
HKH-07713,Lake HKH-07713,tista,27.403,88.812,Tista,Tista,0.008,4353,E(o),8.33,0.0015,,0.0015,Low,0.244,False,False,False
HKH-09683,Lake HKH-09683,tista,27.629,88.564,Tista,Zemu,0.012,3850,E(o),11.19,0.0012,,0.0012,Low,0.444,False,False,False
HKH-11448,Lake HKH-11448,tista,27.478,88.765,Tista,Tista,0.017,4388,E(o),2.88,0.0011,,0.0011,Low,0.121,False,False,False
HKH-11450,Lake HKH-11450,tista,27.428,88.766,Tista,Tista,0.006,4114,E(o),6.25,0.0003,,0.0003,Low,0.272,False,False,False
HKH-09179,Lake HKH-09179,tista,27.511,88.369,Tista,Talung,0.006,4210,E(o),9.0,0.0003,,0.0003,Low,0.205,False,False,False
HKH-10457,Lake HKH-10457,tista,27.308,88.84,Tista,Tista,0.02,3978,E(o),17.76,0.0003,,0.0003,Low,0.583,True,False,False
HKH-08804,Lake HKH-08804,tista,27.381,88.854,Tista,Tista,0.01,4212,E(o),12.45,0.0003,,0.0003,Low,0.403,False,False,False
HKH-09679,Lake HKH-09679,tista,27.395,88.808,Tista,Tista,0.014,4182,E(o),8.93,0.0003,,0.0003,Low,0.202,False,False,False
HKH-07952,Lake HKH-07952,tista,27.422,88.068,Tista,East Rathong,0.006,4163,E(o),9.7,0.0003,,0.0003,Low,0.234,False,False,False
HKH-11451,Lake HKH-11451,tista,27.421,88.79,Tista,Tista,0.007,4234,E(o),6.28,0.0003,,0.0003,Low,0.188,False,False,False
HKH-08620,Lake HKH-08620,tista,27.391,88.815,Tista,Tista,0.02,4204,E(o),9.5,0.0003,,0.0003,Low,0.214,False,False,False
HKH-08558,Lake HKH-08558,tista,27.377,88.848,Tista,Tista,0.034,4069,E(o),12.36,0.0003,,0.0003,Low,0.375,False,False,False
HKH-20886,Lake HKH-20886,tista,27.745,88.612,Tista,Zemu,0.013,4021,E(o),6.05,0.0003,,0.0003,Low,0.24,False,False,False
HKH-09702,Lake HKH-09702,tista,27.43,88.082,Tista,East Rathong,0.008,4428,E(o),9.24,0.0,,0.0,Low,0.212,False,False,False
HKH-09689,Lake HKH-09689,tista,27.389,88.823,Tista,Tista,0.022,4346,E(o),10.0,0.0,,0.0,Low,0.292,False,False,False
HKH-09838,Lake HKH-09838,tista,27.432,88.087,Tista,East Rathong,0.016,4395,E(o),9.23,0.0,,0.0,Low,0.196,False,False,False
